Brand,Price,Title,Link,Voltage
N/A,1199,"BLUETTI Solar Generator Elite 200 V2 with 200W Solar Panel Included, 2073.6Wh Portable Power Station w/ 4 2600W AC Outlets, 17-Year Lifespan LiFePO4 Emergency Power for Camping, Off-grid, Power Outage",https://www.amazon.com/sspa/click?ie=UTF8&spc=MTozMzAyNDE4MjIyNzE3ODI0OjE3MzMxNTk1NDk6c3BfYXRmOjMwMDU3MzYwOTU4OTUwMjo6MDo6&url=%2FBLUETTI-Generator-Elite-200-V2%2Fdp%2FB0DCJXQQYH%2Fref%3Dsr_1_1_sspa%3Fdib%3DeyJ2IjoiMSJ9.mCZ4gFZsBplOv3SjwiQdhlpDREmesBnc_F4_Ici-J43RTRhsdDCK-UdEvzhCcu2OWhQiqQUXxNgw8OiYzdWn_9D93XHnVSevpSk_BpAeNoP2CCVm2mTJKs6KjkO__Hln4Z9xNxlcWl1KW594p12eQVeWRhgO4GvDnXgqy1UyvY6VTB2ro0G_AUFXxYebmhEquiPOZkkhYMzsgE3wPqgEq5iO9gE-TBJzpJ7WYH_C2lQ.nmEOZgOolyeZmDKW3eCFrPRTef4WYp1qtjo6HA3jJfk%26dib_tag%3Dse%26keywords%3DLifePO4%26qid%3D1733159549%26sr%3D8-1-spons%26sp_csd%3Dd2lkZ2V0TmFtZT1zcF9hdGY%26psc%3D1,N/A
N/A,799.98,"48V 100AH LiFePO4 Battery with Bluetooth, 5.12kWh Grade A Cells Lithium Battery with 500A Peak Current, 5000+ 48V Lithium Battery with Charger for Golf Cart, Solar, RV and Off Grid Applications",https://www.amazon.com/sspa/click?ie=UTF8&spc=MTozMzAyNDE4MjIyNzE3ODI0OjE3MzMxNTk1NDk6c3BfYXRmOjMwMDI2ODA4NDc0MjcwMjo6MDo6&url=%2FOGRPHY-LiFePO4-Battery-Bluetooth-Applications%2Fdp%2FB0CWGMD99J%2Fref%3Dsr_1_2_sspa%3Fdib%3DeyJ2IjoiMSJ9.mCZ4gFZsBplOv3SjwiQdhlpDREmesBnc_F4_Ici-J43RTRhsdDCK-UdEvzhCcu2OWhQiqQUXxNgw8OiYzdWn_9D93XHnVSevpSk_BpAeNoP2CCVm2mTJKs6KjkO__Hln4Z9xNxlcWl1KW594p12eQVeWRhgO4GvDnXgqy1UyvY6VTB2ro0G_AUFXxYebmhEquiPOZkkhYMzsgE3wPqgEq5iO9gE-TBJzpJ7WYH_C2lQ.nmEOZgOolyeZmDKW3eCFrPRTef4WYp1qtjo6HA3jJfk%26dib_tag%3Dse%26keywords%3DLifePO4%26qid%3D1733159549%26sr%3D8-2-spons%26sp_csd%3Dd2lkZ2V0TmFtZT1zcF9hdGY%26psc%3D1,48V
N/A,133.98,"12V 100Ah Mini LiFePO4 Lithium Battery, Low-Temp Protection 12V 100Ah Lithium Battery Built in 100A Smart BMS, Up to 15000 Deep Cycles, Great for Trolling Motor, RV, Solar System, Off-Grid",https://www.amazon.com/12V-100Ah-Mini-Low-Temp-Protection/dp/B0CB835H8V/ref=sr_1_3?dib=eyJ2IjoiMSJ9.mCZ4gFZsBplOv3SjwiQdhlpDREmesBnc_F4_Ici-J43RTRhsdDCK-UdEvzhCcu2OWhQiqQUXxNgw8OiYzdWn_9D93XHnVSevpSk_BpAeNoP2CCVm2mTJKs6KjkO__Hln4Z9xNxlcWl1KW594p12eQVeWRhgO4GvDnXgqy1UyvY6VTB2ro0G_AUFXxYebmhEquiPOZkkhYMzsgE3wPqgEq5iO9gE-TBJzpJ7WYH_C2lQ.nmEOZgOolyeZmDKW3eCFrPRTef4WYp1qtjo6HA3jJfk&dib_tag=se&keywords=LifePO4&qid=1733159549&sr=8-3,12V
N/A,119.99,"12V 100Ah LiFePO4 Battery Lithium Built In 100A Smart BMS, Portable Group 24 Size Lithium 1280Wh Battery 15000 Deep Cycles 10 Years Lifespan for RV, Solar Energy, Off Grid, Trolling Motor",https://www.amazon.com/HumsiENK-LiFePO4-Portable-Lifespan-Trolling/dp/B0DLBHNXNW/ref=sr_1_4?dib=eyJ2IjoiMSJ9.mCZ4gFZsBplOv3SjwiQdhlpDREmesBnc_F4_Ici-J43RTRhsdDCK-UdEvzhCcu2OWhQiqQUXxNgw8OiYzdWn_9D93XHnVSevpSk_BpAeNoP2CCVm2mTJKs6KjkO__Hln4Z9xNxlcWl1KW594p12eQVeWRhgO4GvDnXgqy1UyvY6VTB2ro0G_AUFXxYebmhEquiPOZkkhYMzsgE3wPqgEq5iO9gE-TBJzpJ7WYH_C2lQ.nmEOZgOolyeZmDKW3eCFrPRTef4WYp1qtjo6HA3jJfk&dib_tag=se&keywords=LifePO4&qid=1733159549&sr=8-4,12V
N/A,129.99,"12V 100Ah Mini LiFePO4Lithium Battery, Built-in 100A BMS,1280Wh, Up to 15000 Cycles 10-Year Lifespan Perfect for RV, Solar, Marine, Golf Cart,and Home Energy Storage",https://www.amazon.com/Dumfume-LiFePO4Lithium-Battery-10-Year-Lifespan/dp/B0DLGNJH8P/ref=sr_1_5?dib=eyJ2IjoiMSJ9.mCZ4gFZsBplOv3SjwiQdhlpDREmesBnc_F4_Ici-J43RTRhsdDCK-UdEvzhCcu2OWhQiqQUXxNgw8OiYzdWn_9D93XHnVSevpSk_BpAeNoP2CCVm2mTJKs6KjkO__Hln4Z9xNxlcWl1KW594p12eQVeWRhgO4GvDnXgqy1UyvY6VTB2ro0G_AUFXxYebmhEquiPOZkkhYMzsgE3wPqgEq5iO9gE-TBJzpJ7WYH_C2lQ.nmEOZgOolyeZmDKW3eCFrPRTef4WYp1qtjo6HA3jJfk&dib_tag=se&keywords=LifePO4&qid=1733159549&sr=8-5,12V
N/A,223.99,"ECO-WORTHY 12V 150Ah Bluetooth LiFePO4 Lithium Battery with Low-Temp Protection, Safer Metal Shell, Rechargeable Deep Cycle Battery with BMS, Perfect for Marine, Trolling Motor, Solar, RV",https://www.amazon.com/sspa/click?ie=UTF8&spc=MTo3ODU3ODYzOTM2MjYxNTEyOjE3MzMxNTk1NDk6c3Bfc2VhcmNoX3RoZW1hdGljOjMwMDUzMjkxNTQzMTMwMjo6MTo6&url=%2FECO-WORTHY-Rechargeable-Phosphate-Protection-Motorhome%2Fdp%2FB096FGMLNZ%2Fref%3Dsxin_15_pa_sp_search_thematic_sspa%3Fcontent-id%3Damzn1.sym.0fa4d6f6-459f-4af8-936c-b897b21fd1ed%253Aamzn1.sym.0fa4d6f6-459f-4af8-936c-b897b21fd1ed%26cv_ct_cx%3DLifePO4%26dib%3DeyJ2IjoiMSJ9.ofgGg4iy87bU2cAza95ThO_OSqxssb1xQa1T51b3xlqlpVo5SxONwHWAj5UqoTOX.vB0ym3BfebsurQnLZ97HWlJ1EYDxAHjCAR-KGg_JBpA%26dib_tag%3Dse%26keywords%3DLifePO4%26pd_rd_i%3DB096FGMLNZ%26pd_rd_r%3D1200ee42-5af4-4a29-a456-a65cbd1e011c%26pd_rd_w%3D3LhYG%26pd_rd_wg%3DwgVTc%26pf_rd_p%3D0fa4d6f6-459f-4af8-936c-b897b21fd1ed%26pf_rd_r%3DSXJ6ND3ED2GN406M76E1%26qid%3D1733159549%26sbo%3D9ZOMT9Jm0JH%252Ft%252BWi68iDSA%253D%253D%26sr%3D1-1-ac07dfd7-5f37-4797-bcf7-0f4905c82761-spons%26sp_csd%3Dd2lkZ2V0TmFtZT1zcF9zZWFyY2hfdGhlbWF0aWM%26psc%3D1,12V
N/A,2079.95,"48V 150Ah Lithium Golf Cart Battery, Built-in Smart 200A BMS, with Touch Monitor & Mobile APP, 4000+ Cycles Rechargeable LiFePO4 Battery, Max 10.24kW Power Output, Perfect for Golf Carts",https://www.amazon.com/sspa/click?ie=UTF8&spc=MTo3ODU3ODYzOTM2MjYxNTEyOjE3MzMxNTk1NDk6c3Bfc2VhcmNoX3RoZW1hdGljOjMwMDM2MDUwNDE2MzAwMjo6Mjo6&url=%2FVATRER-POWER-48V-150Ah-Rechargeable%2Fdp%2FB0D1BNQQB8%2Fref%3Dsxin_15_pa_sp_search_thematic_sspa%3Fcontent-id%3Damzn1.sym.0fa4d6f6-459f-4af8-936c-b897b21fd1ed%253Aamzn1.sym.0fa4d6f6-459f-4af8-936c-b897b21fd1ed%26cv_ct_cx%3DLifePO4%26dib%3DeyJ2IjoiMSJ9.ofgGg4iy87bU2cAza95ThO_OSqxssb1xQa1T51b3xlqlpVo5SxONwHWAj5UqoTOX.vB0ym3BfebsurQnLZ97HWlJ1EYDxAHjCAR-KGg_JBpA%26dib_tag%3Dse%26keywords%3DLifePO4%26pd_rd_i%3DB0D1BNQQB8%26pd_rd_r%3D1200ee42-5af4-4a29-a456-a65cbd1e011c%26pd_rd_w%3D3LhYG%26pd_rd_wg%3DwgVTc%26pf_rd_p%3D0fa4d6f6-459f-4af8-936c-b897b21fd1ed%26pf_rd_r%3DSXJ6ND3ED2GN406M76E1%26qid%3D1733159549%26sbo%3D9ZOMT9Jm0JH%252Ft%252BWi68iDSA%253D%253D%26sr%3D1-2-ac07dfd7-5f37-4797-bcf7-0f4905c82761-spons%26sp_csd%3Dd2lkZ2V0TmFtZT1zcF9zZWFyY2hfdGhlbWF0aWM%26psc%3D1,48V
N/A,1599.99,"ECO-WORTHY 48V 280Ah (4 Packs) LiFePO4 Lithium Battery, 6000+ Deep Cycles, 14.34kWh Energy, for RV, Off-Grid, Solar Power System, Home Backup, UPS, Marine",https://www.amazon.com/sspa/click?ie=UTF8&spc=MTo3ODU3ODYzOTM2MjYxNTEyOjE3MzMxNTk1NDk6c3Bfc2VhcmNoX3RoZW1hdGljOjMwMDQyNjg1NDczODgwMjo6Mzo6&url=%2FECO-WORTHY-280Ah-LiFePO4-14-34kWh-Off-Grid%2Fdp%2FB0CPHWGJGS%2Fref%3Dsxin_15_pa_sp_search_thematic_sspa%3Fcontent-id%3Damzn1.sym.0fa4d6f6-459f-4af8-936c-b897b21fd1ed%253Aamzn1.sym.0fa4d6f6-459f-4af8-936c-b897b21fd1ed%26cv_ct_cx%3DLifePO4%26dib%3DeyJ2IjoiMSJ9.ofgGg4iy87bU2cAza95ThO_OSqxssb1xQa1T51b3xlqlpVo5SxONwHWAj5UqoTOX.vB0ym3BfebsurQnLZ97HWlJ1EYDxAHjCAR-KGg_JBpA%26dib_tag%3Dse%26keywords%3DLifePO4%26pd_rd_i%3DB0CPHWGJGS%26pd_rd_r%3D1200ee42-5af4-4a29-a456-a65cbd1e011c%26pd_rd_w%3D3LhYG%26pd_rd_wg%3DwgVTc%26pf_rd_p%3D0fa4d6f6-459f-4af8-936c-b897b21fd1ed%26pf_rd_r%3DSXJ6ND3ED2GN406M76E1%26qid%3D1733159549%26sbo%3DRZvfv%252F%252FHxDF%252BO5021pAnSA%253D%253D%26sr%3D1-3-ac07dfd7-5f37-4797-bcf7-0f4905c82761-spons%26sp_csd%3Dd2lkZ2V0TmFtZT1zcF9zZWFyY2hfdGhlbWF0aWM%26psc%3D1,48V
N/A,399.99,"LiTime 12V 230Ah Plus LiFePO4 Battery Low-Temp Protection Battery Built-in 200A BMS, Max 2944Wh Energy, Lithium Iron Phosphate Battery Perfect for Solar System, RV, Camping, Boat, Home Energy Storage",https://www.amazon.com/sspa/click?ie=UTF8&spc=MTo3ODU3ODYzOTM2MjYxNTEyOjE3MzMxNTk1NDk6c3Bfc2VhcmNoX3RoZW1hdGljOjMwMDU2Nzg2MTIyOTUwMjo6NDo6&url=%2F12V-230Ah-Plus-Protection-Phosphate%2Fdp%2FB0CX9316BN%2Fref%3Dsxin_15_pa_sp_search_thematic_sspa%3Fcontent-id%3Damzn1.sym.0fa4d6f6-459f-4af8-936c-b897b21fd1ed%253Aamzn1.sym.0fa4d6f6-459f-4af8-936c-b897b21fd1ed%26cv_ct_cx%3DLifePO4%26dib%3DeyJ2IjoiMSJ9.ofgGg4iy87bU2cAza95ThO_OSqxssb1xQa1T51b3xlqlpVo5SxONwHWAj5UqoTOX.vB0ym3BfebsurQnLZ97HWlJ1EYDxAHjCAR-KGg_JBpA%26dib_tag%3Dse%26keywords%3DLifePO4%26pd_rd_i%3DB0CX9316BN%26pd_rd_r%3D1200ee42-5af4-4a29-a456-a65cbd1e011c%26pd_rd_w%3D3LhYG%26pd_rd_wg%3DwgVTc%26pf_rd_p%3D0fa4d6f6-459f-4af8-936c-b897b21fd1ed%26pf_rd_r%3DSXJ6ND3ED2GN406M76E1%26qid%3D1733159549%26sbo%3DRZvfv%252F%252FHxDF%252BO5021pAnSA%253D%253D%26sr%3D1-4-ac07dfd7-5f37-4797-bcf7-0f4905c82761-spons%26sp_csd%3Dd2lkZ2V0TmFtZT1zcF9zZWFyY2hfdGhlbWF0aWM%26psc%3D1,12V
N/A,154.99,"Lifepo4 Battery 100AH,12V Lithium Battery Built-in 100A BMS,Up to 15000 Deep Cycle Marine Battery 12V,Perfect for RV,Marine/Trolling Motors,Boat,Travel Trailer,Home Energy Storage (Group 31)",https://www.amazon.com/sspa/click?ie=UTF8&spc=MTo4ODI5OTY2OTE1NjM3MzA0OjE3MzMxNTk1NDk6c3Bfc2VhcmNoX3RoZW1hdGljOjMwMDUyODMwMTM3MzcwMjo6MDo6&url=%2FElefast-bluetooth-Temperature-Protection-31%2Fdp%2FB0D1P9C29V%2Fref%3Dsxin_16_pa_sp_search_thematic_sspa%3Fcontent-id%3Damzn1.sym.76d54fcc-2362-404d-ab9b-b0653e2b2239%253Aamzn1.sym.76d54fcc-2362-404d-ab9b-b0653e2b2239%26cv_ct_cx%3DLifePO4%26dib%3DeyJ2IjoiMSJ9.rOvCkYaIfgjELbj3_KkqTJnsUeNe_25EigU9VHbj1GFYPNTo4YY-R5uVOka7YTHMqPCeOZ1PXYdrExnALJfYwQ.QLTl5YyhilGYYcbnEyjF5NY3n3Ks5hGgMI-4fnhT6zA%26dib_tag%3Dse%26keywords%3DLifePO4%26pd_rd_i%3DB0D1P9C29V%26pd_rd_r%3D1200ee42-5af4-4a29-a456-a65cbd1e011c%26pd_rd_w%3DhiwLF%26pd_rd_wg%3DwgVTc%26pf_rd_p%3D76d54fcc-2362-404d-ab9b-b0653e2b2239%26pf_rd_r%3DSXJ6ND3ED2GN406M76E1%26qid%3D1733159549%26sbo%3DRZvfv%252F%252FHxDF%252BO5021pAnSA%253D%253D%26sr%3D1-1-6024b2a3-78e4-4fed-8fed-e1613be3bcce-spons%26sp_csd%3Dd2lkZ2V0TmFtZT1zcF9zZWFyY2hfdGhlbWF0aWM%26psc%3D1,12V
N/A,1439.99,"CHINS Bluetooth LiFePO4 Battery Smart 48V 150AH Lithium Battery Perfect for Golf Cart, Trolling Motor, Marine, Built-in 200A BMS, Includes 48V 18A Lithium Battery Charger, Battery Monitor",https://www.amazon.com/sspa/click?ie=UTF8&spc=MTo4ODI5OTY2OTE1NjM3MzA0OjE3MzMxNTk1NDk6c3Bfc2VhcmNoX3RoZW1hdGljOjMwMDQ3MzM5MDA2OTIwMjo6MTo6&url=%2FCHINS-Bluetooth-LiFePO4-Battery-Trolling%2Fdp%2FB0DJXGCL3D%2Fref%3Dsxin_16_pa_sp_search_thematic_sspa%3Fcontent-id%3Damzn1.sym.76d54fcc-2362-404d-ab9b-b0653e2b2239%253Aamzn1.sym.76d54fcc-2362-404d-ab9b-b0653e2b2239%26cv_ct_cx%3DLifePO4%26dib%3DeyJ2IjoiMSJ9.rOvCkYaIfgjELbj3_KkqTJnsUeNe_25EigU9VHbj1GFYPNTo4YY-R5uVOka7YTHMqPCeOZ1PXYdrExnALJfYwQ.QLTl5YyhilGYYcbnEyjF5NY3n3Ks5hGgMI-4fnhT6zA%26dib_tag%3Dse%26keywords%3DLifePO4%26pd_rd_i%3DB0DJXGCL3D%26pd_rd_r%3D1200ee42-5af4-4a29-a456-a65cbd1e011c%26pd_rd_w%3DhiwLF%26pd_rd_wg%3DwgVTc%26pf_rd_p%3D76d54fcc-2362-404d-ab9b-b0653e2b2239%26pf_rd_r%3DSXJ6ND3ED2GN406M76E1%26qid%3D1733159549%26sbo%3DRZvfv%252F%252FHxDF%252BO5021pAnSA%253D%253D%26sr%3D1-2-6024b2a3-78e4-4fed-8fed-e1613be3bcce-spons%26sp_csd%3Dd2lkZ2V0TmFtZT1zcF9zZWFyY2hfdGhlbWF0aWM%26psc%3D1,48V
N/A,769.99,"12V 300AH Bluetooth LiFePO4 Lithium Battery with Self-Heating, Built-in 200A BMS, Supports Low Temp Charging(-4°F), 5000+ Cycles, Max 2560W Power, Perfect for RV/Camper and Off-Grid Applications, etc.",https://www.amazon.com/sspa/click?ie=UTF8&spc=MTo4ODI5OTY2OTE1NjM3MzA0OjE3MzMxNTk1NDk6c3Bfc2VhcmNoX3RoZW1hdGljOjMwMDE4MTQ1NTcwNTMwMjo6Mjo6&url=%2F12V-Bluetooth-Self-Heating-Supports-Applications%2Fdp%2FB0CNVVLVYZ%2Fref%3Dsxin_16_pa_sp_search_thematic_sspa%3Fcontent-id%3Damzn1.sym.76d54fcc-2362-404d-ab9b-b0653e2b2239%253Aamzn1.sym.76d54fcc-2362-404d-ab9b-b0653e2b2239%26cv_ct_cx%3DLifePO4%26dib%3DeyJ2IjoiMSJ9.rOvCkYaIfgjELbj3_KkqTJnsUeNe_25EigU9VHbj1GFYPNTo4YY-R5uVOka7YTHMqPCeOZ1PXYdrExnALJfYwQ.QLTl5YyhilGYYcbnEyjF5NY3n3Ks5hGgMI-4fnhT6zA%26dib_tag%3Dse%26keywords%3DLifePO4%26pd_rd_i%3DB0CNVVLVYZ%26pd_rd_r%3D1200ee42-5af4-4a29-a456-a65cbd1e011c%26pd_rd_w%3DhiwLF%26pd_rd_wg%3DwgVTc%26pf_rd_p%3D76d54fcc-2362-404d-ab9b-b0653e2b2239%26pf_rd_r%3DSXJ6ND3ED2GN406M76E1%26qid%3D1733159549%26sbo%3DRZvfv%252F%252FHxDF%252BO5021pAnSA%253D%253D%26sr%3D1-3-6024b2a3-78e4-4fed-8fed-e1613be3bcce-spons%26sp_csd%3Dd2lkZ2V0TmFtZT1zcF9zZWFyY2hfdGhlbWF0aWM%26psc%3D1,12V
N/A,689.99,"LOSSIGY 36V 100AH Golf Cart Lifepo4 Battery with 36 volt 10A Lithium Charger, Prefect for Trolling Motor, Built in 100A Bluetooth BMS, Peak Current 500A(3-5s), 10 Yrs Lifespan",https://www.amazon.com/sspa/click?ie=UTF8&spc=MTo4ODI5OTY2OTE1NjM3MzA0OjE3MzMxNTk1NDk6c3Bfc2VhcmNoX3RoZW1hdGljOjMwMDUzMzU2NTk5NTMwMjo6Mzo6&url=%2FLOSSIGY-LiFePO4-Bluetooth-Starting-Trolling%2Fdp%2FB0C5HZWCNG%2Fref%3Dsxin_16_pa_sp_search_thematic_sspa%3Fcontent-id%3Damzn1.sym.76d54fcc-2362-404d-ab9b-b0653e2b2239%253Aamzn1.sym.76d54fcc-2362-404d-ab9b-b0653e2b2239%26cv_ct_cx%3DLifePO4%26dib%3DeyJ2IjoiMSJ9.rOvCkYaIfgjELbj3_KkqTJnsUeNe_25EigU9VHbj1GFYPNTo4YY-R5uVOka7YTHMqPCeOZ1PXYdrExnALJfYwQ.QLTl5YyhilGYYcbnEyjF5NY3n3Ks5hGgMI-4fnhT6zA%26dib_tag%3Dse%26keywords%3DLifePO4%26pd_rd_i%3DB0C5HZWCNG%26pd_rd_r%3D1200ee42-5af4-4a29-a456-a65cbd1e011c%26pd_rd_w%3DhiwLF%26pd_rd_wg%3DwgVTc%26pf_rd_p%3D76d54fcc-2362-404d-ab9b-b0653e2b2239%26pf_rd_r%3DSXJ6ND3ED2GN406M76E1%26qid%3D1733159549%26sbo%3D9ZOMT9Jm0JH%252Ft%252BWi68iDSA%253D%253D%26sr%3D1-4-6024b2a3-78e4-4fed-8fed-e1613be3bcce-spons%26sp_csd%3Dd2lkZ2V0TmFtZT1zcF9zZWFyY2hfdGhlbWF0aWM%26psc%3D1,36V
N/A,799.98,"48V 100AH LiFePO4 Battery with Bluetooth, 5.12kWh Grade A Cells Lithium Battery with 500A Peak Current, 5000+ 48V Lithium Battery with Charger for Golf Cart, Solar, RV and Off Grid Applications",https://www.amazon.com/sspa/click?ie=UTF8&spc=MTo4ODI5OTY2OTE1NjM3MzA0OjE3MzMxNTk1NDk6c3Bfc2VhcmNoX3RoZW1hdGljOjMwMDI2ODA4NDc0MjcwMjo6NDo6&url=%2FOGRPHY-LiFePO4-Battery-Bluetooth-Applications%2Fdp%2FB0CWGMD99J%2Fref%3Dsxin_16_pa_sp_search_thematic_sspa%3Fcontent-id%3Damzn1.sym.76d54fcc-2362-404d-ab9b-b0653e2b2239%253Aamzn1.sym.76d54fcc-2362-404d-ab9b-b0653e2b2239%26cv_ct_cx%3DLifePO4%26dib%3DeyJ2IjoiMSJ9.rOvCkYaIfgjELbj3_KkqTJnsUeNe_25EigU9VHbj1GFYPNTo4YY-R5uVOka7YTHMqPCeOZ1PXYdrExnALJfYwQ.QLTl5YyhilGYYcbnEyjF5NY3n3Ks5hGgMI-4fnhT6zA%26dib_tag%3Dse%26keywords%3DLifePO4%26pd_rd_i%3DB0CWGMD99J%26pd_rd_r%3D1200ee42-5af4-4a29-a456-a65cbd1e011c%26pd_rd_w%3DhiwLF%26pd_rd_wg%3DwgVTc%26pf_rd_p%3D76d54fcc-2362-404d-ab9b-b0653e2b2239%26pf_rd_r%3DSXJ6ND3ED2GN406M76E1%26qid%3D1733159549%26sbo%3D9ZOMT9Jm0JH%252Ft%252BWi68iDSA%253D%253D%26sr%3D1-5-6024b2a3-78e4-4fed-8fed-e1613be3bcce-spons%26sp_csd%3Dd2lkZ2V0TmFtZT1zcF9zZWFyY2hfdGhlbWF0aWM%26psc%3D1,48V
N/A,199.99,"LiTime 12V 100Ah Group 24 Bluetooth LiFePO4 Battery, Deep Cycle Lithium Battery, Built-in 100A BMS with Low-Temp Protection, Max. 15000 Cycles, Perfect for RV, Solar System, Trolling Motors etc.",https://www.amazon.com/Group-24-Bluetooth-Low-Temp-Protection/dp/B0CYQ371X4/ref=sr_1_6?dib=eyJ2IjoiMSJ9.mCZ4gFZsBplOv3SjwiQdhlpDREmesBnc_F4_Ici-J43RTRhsdDCK-UdEvzhCcu2OWhQiqQUXxNgw8OiYzdWn_9D93XHnVSevpSk_BpAeNoP2CCVm2mTJKs6KjkO__Hln4Z9xNxlcWl1KW594p12eQVeWRhgO4GvDnXgqy1UyvY6VTB2ro0G_AUFXxYebmhEquiPOZkkhYMzsgE3wPqgEq5iO9gE-TBJzpJ7WYH_C2lQ.nmEOZgOolyeZmDKW3eCFrPRTef4WYp1qtjo6HA3jJfk&dib_tag=se&keywords=LifePO4&qid=1733159549&sr=8-6,12V
N/A,154.99,"Lifepo4 Battery 100AH,12V Lithium Battery Built-in 100A BMS,Up to 15000 Deep Cycle Marine Battery 12V,Perfect for RV,Marine/Trolling Motors,Boat,Travel Trailer,Home Energy Storage (Group 31)",https://www.amazon.com/sspa/click?ie=UTF8&spc=MTozMzAyNDE4MjIyNzE3ODI0OjE3MzMxNTk1NDk6c3BfbXRmOjMwMDUyODMwMTM3MzcwMjo6MDo6&url=%2FElefast-bluetooth-Temperature-Protection-31%2Fdp%2FB0D1P9C29V%2Fref%3Dsr_1_7_sspa%3Fdib%3DeyJ2IjoiMSJ9.mCZ4gFZsBplOv3SjwiQdhlpDREmesBnc_F4_Ici-J43RTRhsdDCK-UdEvzhCcu2OWhQiqQUXxNgw8OiYzdWn_9D93XHnVSevpSk_BpAeNoP2CCVm2mTJKs6KjkO__Hln4Z9xNxlcWl1KW594p12eQVeWRhgO4GvDnXgqy1UyvY6VTB2ro0G_AUFXxYebmhEquiPOZkkhYMzsgE3wPqgEq5iO9gE-TBJzpJ7WYH_C2lQ.nmEOZgOolyeZmDKW3eCFrPRTef4WYp1qtjo6HA3jJfk%26dib_tag%3Dse%26keywords%3DLifePO4%26qid%3D1733159549%26sr%3D8-7-spons%26sp_csd%3Dd2lkZ2V0TmFtZT1zcF9tdGY%26psc%3D1,12V
N/A,179.9,"12V 100Ah LiFePO4 Lithium Battery with Bluetooth, BCI Group 24, 12V Mini Battery 100A Smart BMS, Support Monitoring Battery via Phone Bluetooth, 15000 deep Cycles, Marine Trolling Motor RV",https://www.amazon.com/Wattcycle-LiFePO4-Battery-Lithium-Bluetooth/dp/B0CSKBLH8L/ref=sr_1_8?dib=eyJ2IjoiMSJ9.mCZ4gFZsBplOv3SjwiQdhlpDREmesBnc_F4_Ici-J43RTRhsdDCK-UdEvzhCcu2OWhQiqQUXxNgw8OiYzdWn_9D93XHnVSevpSk_BpAeNoP2CCVm2mTJKs6KjkO__Hln4Z9xNxlcWl1KW594p12eQVeWRhgO4GvDnXgqy1UyvY6VTB2ro0G_AUFXxYebmhEquiPOZkkhYMzsgE3wPqgEq5iO9gE-TBJzpJ7WYH_C2lQ.nmEOZgOolyeZmDKW3eCFrPRTef4WYp1qtjo6HA3jJfk&dib_tag=se&keywords=LifePO4&qid=1733159549&sr=8-8,12V
N/A,149.99,"12V 100Ah LiFePO4 Lithium Battery, Bluetooth Lithium Battery,Up to 20000 Cycles, 100A BMS, Max.1280Wh Energy with 10 Years Lifetime Low Temp Cut off, Perfect for Trolling Motor,RV, Solar",https://www.amazon.com/Mehrpow-Bluetooth-Max-1280Wh-Lifetime-Trolling/dp/B0CQG8DZ71/ref=sr_1_9?dib=eyJ2IjoiMSJ9.mCZ4gFZsBplOv3SjwiQdhlpDREmesBnc_F4_Ici-J43RTRhsdDCK-UdEvzhCcu2OWhQiqQUXxNgw8OiYzdWn_9D93XHnVSevpSk_BpAeNoP2CCVm2mTJKs6KjkO__Hln4Z9xNxlcWl1KW594p12eQVeWRhgO4GvDnXgqy1UyvY6VTB2ro0G_AUFXxYebmhEquiPOZkkhYMzsgE3wPqgEq5iO9gE-TBJzpJ7WYH_C2lQ.nmEOZgOolyeZmDKW3eCFrPRTef4WYp1qtjo6HA3jJfk&dib_tag=se&keywords=LifePO4&qid=1733159549&sr=8-9,12V
N/A,169.99,"DEASON 12V 100Ah Mini LiFePO4 Lithium Battery - 100A BMS, 10-Year Lifespan, Up to 15000 Cycles, Max. 1280Wh Energy in Small Size, Perfect for RV, Solar, Trolling Motor, Boats, kayaking, Marine etc.",https://www.amazon.com/DEASON-100Ah-LiFePO4-Lithium-Battery/dp/B0DKF94DFM/ref=sr_1_10?dib=eyJ2IjoiMSJ9.mCZ4gFZsBplOv3SjwiQdhlpDREmesBnc_F4_Ici-J43RTRhsdDCK-UdEvzhCcu2OWhQiqQUXxNgw8OiYzdWn_9D93XHnVSevpSk_BpAeNoP2CCVm2mTJKs6KjkO__Hln4Z9xNxlcWl1KW594p12eQVeWRhgO4GvDnXgqy1UyvY6VTB2ro0G_AUFXxYebmhEquiPOZkkhYMzsgE3wPqgEq5iO9gE-TBJzpJ7WYH_C2lQ.nmEOZgOolyeZmDKW3eCFrPRTef4WYp1qtjo6HA3jJfk&dib_tag=se&keywords=LifePO4&qid=1733159549&sr=8-10,12V
N/A,47.99,"ECO-WORTHY 12V 20Ah LiFePO4 Lithium Battery, 3000+ Deep Cycle Rechargeable Battery with BMS for Trolling Motor, Mobility Scooter, Fish finder, Kids Scooters, Power Wheels, Outdoor Camping",https://www.amazon.com/ECO-WORTHY-Rechargeable-Phosphate-Protection-Trolling/dp/B09NB97XGL/ref=sr_1_11?dib=eyJ2IjoiMSJ9.mCZ4gFZsBplOv3SjwiQdhlpDREmesBnc_F4_Ici-J43RTRhsdDCK-UdEvzhCcu2OWhQiqQUXxNgw8OiYzdWn_9D93XHnVSevpSk_BpAeNoP2CCVm2mTJKs6KjkO__Hln4Z9xNxlcWl1KW594p12eQVeWRhgO4GvDnXgqy1UyvY6VTB2ro0G_AUFXxYebmhEquiPOZkkhYMzsgE3wPqgEq5iO9gE-TBJzpJ7WYH_C2lQ.nmEOZgOolyeZmDKW3eCFrPRTef4WYp1qtjo6HA3jJfk&dib_tag=se&keywords=LifePO4&qid=1733159549&sr=8-11,12V
N/A,769.99,"12V 300AH Bluetooth LiFePO4 Lithium Battery with Self-Heating, Built-in 200A BMS, Supports Low Temp Charging(-4°F), 5000+ Cycles, Max 2560W Power, Perfect for RV/Camper and Off-Grid Applications, etc.",https://www.amazon.com/sspa/click?ie=UTF8&spc=MTozMzAyNDE4MjIyNzE3ODI0OjE3MzMxNTk1NDk6c3BfbXRmOjMwMDE4MTQ1NTcwNTMwMjo6MDo6&url=%2F12V-Bluetooth-Self-Heating-Supports-Applications%2Fdp%2FB0CNVVLVYZ%2Fref%3Dsr_1_12_sspa%3Fdib%3DeyJ2IjoiMSJ9.mCZ4gFZsBplOv3SjwiQdhlpDREmesBnc_F4_Ici-J43RTRhsdDCK-UdEvzhCcu2OWhQiqQUXxNgw8OiYzdWn_9D93XHnVSevpSk_BpAeNoP2CCVm2mTJKs6KjkO__Hln4Z9xNxlcWl1KW594p12eQVeWRhgO4GvDnXgqy1UyvY6VTB2ro0G_AUFXxYebmhEquiPOZkkhYMzsgE3wPqgEq5iO9gE-TBJzpJ7WYH_C2lQ.nmEOZgOolyeZmDKW3eCFrPRTef4WYp1qtjo6HA3jJfk%26dib_tag%3Dse%26keywords%3DLifePO4%26qid%3D1733159549%26sr%3D8-12-spons%26sp_csd%3Dd2lkZ2V0TmFtZT1zcF9tdGY%26psc%3D1,12V
N/A,399,"CHINS LiFePO4 Battery 12V 280AH Lithium Battery, Built-in 200A BMS, 6000+ Cycles, Includes Low Temperature Cut-off Function, Perfect for RV, Off-Grid, Solar Power System, Home Backup, UPS, Marine",https://www.amazon.com/CHINS-LiFePO4-Battery-Lithium-Built/dp/B0C47FJZFZ/ref=sr_1_13?dib=eyJ2IjoiMSJ9.mCZ4gFZsBplOv3SjwiQdhlpDREmesBnc_F4_Ici-J43RTRhsdDCK-UdEvzhCcu2OWhQiqQUXxNgw8OiYzdWn_9D93XHnVSevpSk_BpAeNoP2CCVm2mTJKs6KjkO__Hln4Z9xNxlcWl1KW594p12eQVeWRhgO4GvDnXgqy1UyvY6VTB2ro0G_AUFXxYebmhEquiPOZkkhYMzsgE3wPqgEq5iO9gE-TBJzpJ7WYH_C2lQ.nmEOZgOolyeZmDKW3eCFrPRTef4WYp1qtjo6HA3jJfk&dib_tag=se&keywords=LifePO4&qid=1733159549&sr=8-13,12V
N/A,776.99,"ECO-WORTHY 12V 280Ah 2 Pack LiFePO4 Lithium Battery, 6000+ Deep Cycles Lithium Iron Phosphate, 7168Wh Energy, Support in Series/Parallel, for RV, Off-Grid, Solar Power System, Home Backup, UPS, Marine",https://www.amazon.com/ECO-WORTHY-12V-280Ah-2Pack-Phosphate/dp/B0CKT2J3M9/ref=sr_1_14?dib=eyJ2IjoiMSJ9.mCZ4gFZsBplOv3SjwiQdhlpDREmesBnc_F4_Ici-J43RTRhsdDCK-UdEvzhCcu2OWhQiqQUXxNgw8OiYzdWn_9D93XHnVSevpSk_BpAeNoP2CCVm2mTJKs6KjkO__Hln4Z9xNxlcWl1KW594p12eQVeWRhgO4GvDnXgqy1UyvY6VTB2ro0G_AUFXxYebmhEquiPOZkkhYMzsgE3wPqgEq5iO9gE-TBJzpJ7WYH_C2lQ.nmEOZgOolyeZmDKW3eCFrPRTef4WYp1qtjo6HA3jJfk&dib_tag=se&keywords=LifePO4&qid=1733159549&sr=8-14,12V
N/A,159.99,"ECO-WORTHY 12V 100AH Mini Size Group 24 LiFePO4 Lithium Battery with BMS, for RV, Camping, Trolling Motor, Marine, Solar Home Off-Grid",https://www.amazon.com/ECO-WORTHY-Phosphate-charging-Rechargeable-Off-Grid/dp/B09L89LW3P/ref=sr_1_15?dib=eyJ2IjoiMSJ9.mCZ4gFZsBplOv3SjwiQdhlpDREmesBnc_F4_Ici-J43RTRhsdDCK-UdEvzhCcu2OWhQiqQUXxNgw8OiYzdWn_9D93XHnVSevpSk_BpAeNoP2CCVm2mTJKs6KjkO__Hln4Z9xNxlcWl1KW594p12eQVeWRhgO4GvDnXgqy1UyvY6VTB2ro0G_AUFXxYebmhEquiPOZkkhYMzsgE3wPqgEq5iO9gE-TBJzpJ7WYH_C2lQ.nmEOZgOolyeZmDKW3eCFrPRTef4WYp1qtjo6HA3jJfk&dib_tag=se&keywords=LifePO4&qid=1733159549&sr=8-15,12V
N/A,399,"Jackery Explorer 1000 v2 Portable Power Station(2024 New),1070Wh LiFePO4 Battery,1500W AC/100W USB-C Output, 1 Hr Fast Charge, Solar Generator for Outdoor Camping,Emergency, RV, Off-Grid Living",https://www.amazon.com/Jackery-Explorer-Portable-Generator-Emergency/dp/B0D7PPG25F/ref=sr_1_16?dib=eyJ2IjoiMSJ9.mCZ4gFZsBplOv3SjwiQdhlpDREmesBnc_F4_Ici-J43RTRhsdDCK-UdEvzhCcu2OWhQiqQUXxNgw8OiYzdWn_9D93XHnVSevpSk_BpAeNoP2CCVm2mTJKs6KjkO__Hln4Z9xNxlcWl1KW594p12eQVeWRhgO4GvDnXgqy1UyvY6VTB2ro0G_AUFXxYebmhEquiPOZkkhYMzsgE3wPqgEq5iO9gE-TBJzpJ7WYH_C2lQ.nmEOZgOolyeZmDKW3eCFrPRTef4WYp1qtjo6HA3jJfk&dib_tag=se&keywords=LifePO4&qid=1733159549&sr=8-16,N/A
N/A,599.99,"ECO-WORTHY 12V 280AH Lifepo4 Lithium Battery Bluetooth with SOC LEDs, Bulit-in 300A BMS, Low Temp Protection, 15000+ Deep Cycles, 3584Wh Energy for Off-Grid, RV, Solar Power System, HomeBackup",https://www.amazon.com/sspa/click?ie=UTF8&spc=MTozMzAyNDE4MjIyNzE3ODI0OjE3MzMxNTk1NDk6c3BfbXRmOjMwMDU1NDI1Njc5NDIwMjo6MDo6&url=%2FECO-WORTHY-Bluetooth-Protection-Off-Grid-HomeBackup%2Fdp%2FB0DJ2VHKLS%2Fref%3Dsr_1_17_sspa%3Fdib%3DeyJ2IjoiMSJ9.mCZ4gFZsBplOv3SjwiQdhlpDREmesBnc_F4_Ici-J43RTRhsdDCK-UdEvzhCcu2OWhQiqQUXxNgw8OiYzdWn_9D93XHnVSevpSk_BpAeNoP2CCVm2mTJKs6KjkO__Hln4Z9xNxlcWl1KW594p12eQVeWRhgO4GvDnXgqy1UyvY6VTB2ro0G_AUFXxYebmhEquiPOZkkhYMzsgE3wPqgEq5iO9gE-TBJzpJ7WYH_C2lQ.nmEOZgOolyeZmDKW3eCFrPRTef4WYp1qtjo6HA3jJfk%26dib_tag%3Dse%26keywords%3DLifePO4%26qid%3D1733159549%26sr%3D8-17-spons%26sp_csd%3Dd2lkZ2V0TmFtZT1zcF9tdGY%26psc%3D1,12V
N/A,75.99,"12V 25Ah Plus | 30Ah LiFePO4 Battery, 12 Volt Deep Cycle Lithium Battery 384Wh Out Power, 30A BMS, 4000+ Cycles Perfect for Solar, Fish Finder, Power Wheel, Boat",https://www.amazon.com/ERYY-Lithium-LiFePO4-Battery-12V/dp/B0CT7VPQ2Z/ref=sr_1_18?dib=eyJ2IjoiMSJ9.mCZ4gFZsBplOv3SjwiQdhlpDREmesBnc_F4_Ici-J43RTRhsdDCK-UdEvzhCcu2OWhQiqQUXxNgw8OiYzdWn_9D93XHnVSevpSk_BpAeNoP2CCVm2mTJKs6KjkO__Hln4Z9xNxlcWl1KW594p12eQVeWRhgO4GvDnXgqy1UyvY6VTB2ro0G_AUFXxYebmhEquiPOZkkhYMzsgE3wPqgEq5iO9gE-TBJzpJ7WYH_C2lQ.nmEOZgOolyeZmDKW3eCFrPRTef4WYp1qtjo6HA3jJfk&dib_tag=se&keywords=LifePO4&qid=1733159549&sr=8-18,12V
N/A,159.2,"12.8V 100Ah LiFePO4 Battery Rechargeable Lithium Battery with 100A BMS, 4000-15000 Deep Cycles, Grade A Lithium Iron Phosphate Battery cells, for Trolling Motor, Boat, Rv, Solar",https://www.amazon.com/KEPWORTH-Rechargeable-4000-15000-Phosphate-Trolling/dp/B0CMQBQFSD/ref=sr_1_19?dib=eyJ2IjoiMSJ9.mCZ4gFZsBplOv3SjwiQdhlpDREmesBnc_F4_Ici-J43RTRhsdDCK-UdEvzhCcu2OWhQiqQUXxNgw8OiYzdWn_9D93XHnVSevpSk_BpAeNoP2CCVm2mTJKs6KjkO__Hln4Z9xNxlcWl1KW594p12eQVeWRhgO4GvDnXgqy1UyvY6VTB2ro0G_AUFXxYebmhEquiPOZkkhYMzsgE3wPqgEq5iO9gE-TBJzpJ7WYH_C2lQ.nmEOZgOolyeZmDKW3eCFrPRTef4WYp1qtjo6HA3jJfk&dib_tag=se&keywords=LifePO4&qid=1733159549&sr=8-19,N/A
N/A,399,"EF ECOFLOW Portable Power Station Delta 2, 1024Wh LiFePO4 (LFP) Battery, 1800W AC/100W USB-C Output, Solar Generator(Solar Panel Optional) for Home Backup Power, Camping & RVs",https://www.amazon.com/EF-ECOFLOW-Portable-Charging-Generator/dp/B0B9XB57XM/ref=sr_1_20?dib=eyJ2IjoiMSJ9.mCZ4gFZsBplOv3SjwiQdhlpDREmesBnc_F4_Ici-J43RTRhsdDCK-UdEvzhCcu2OWhQiqQUXxNgw8OiYzdWn_9D93XHnVSevpSk_BpAeNoP2CCVm2mTJKs6KjkO__Hln4Z9xNxlcWl1KW594p12eQVeWRhgO4GvDnXgqy1UyvY6VTB2ro0G_AUFXxYebmhEquiPOZkkhYMzsgE3wPqgEq5iO9gE-TBJzpJ7WYH_C2lQ.nmEOZgOolyeZmDKW3eCFrPRTef4WYp1qtjo6HA3jJfk&dib_tag=se&keywords=LifePO4&qid=1733159549&sr=8-20,N/A
N/A,135,"12V 100Ah LiFePO4 Battery Group 31 Lithium Battery With Built-in 100A BMS, 1.28kWh Up to 15000 Deep Cycles Rechargeable Battery for RV, Marine, Solar System, Van, Trailer, Backup",https://www.amazon.com/12V-100Ah-LiFePO4-Battery-Rechargeable/dp/B0DBLPWLP3/ref=sr_1_21?dib=eyJ2IjoiMSJ9.mCZ4gFZsBplOv3SjwiQdhlpDREmesBnc_F4_Ici-J43RTRhsdDCK-UdEvzhCcu2OWhQiqQUXxNgw8OiYzdWn_9D93XHnVSevpSk_BpAeNoP2CCVm2mTJKs6KjkO__Hln4Z9xNxlcWl1KW594p12eQVeWRhgO4GvDnXgqy1UyvY6VTB2ro0G_AUFXxYebmhEquiPOZkkhYMzsgE3wPqgEq5iO9gE-TBJzpJ7WYH_C2lQ.nmEOZgOolyeZmDKW3eCFrPRTef4WYp1qtjo6HA3jJfk&dib_tag=se&keywords=LifePO4&qid=1733159549&sr=8-21,12V
N/A,223.99,"ECO-WORTHY 12V 150Ah Bluetooth LiFePO4 Lithium Battery with Low-Temp Protection, Safer Metal Shell, Rechargeable Deep Cycle Battery with BMS, Perfect for Marine, Trolling Motor, Solar, RV",https://www.amazon.com/sspa/click?ie=UTF8&spc=MTozMzAyNDE4MjIyNzE3ODI0OjE3MzMxNTk1NDk6c3BfYnRmOjMwMDUzMjkxNTQzMTMwMjo6MDo6&url=%2FECO-WORTHY-Rechargeable-Phosphate-Protection-Motorhome%2Fdp%2FB096FGMLNZ%2Fref%3Dsr_1_22_sspa%3Fdib%3DeyJ2IjoiMSJ9.mCZ4gFZsBplOv3SjwiQdhlpDREmesBnc_F4_Ici-J43RTRhsdDCK-UdEvzhCcu2OWhQiqQUXxNgw8OiYzdWn_9D93XHnVSevpSk_BpAeNoP2CCVm2mTJKs6KjkO__Hln4Z9xNxlcWl1KW594p12eQVeWRhgO4GvDnXgqy1UyvY6VTB2ro0G_AUFXxYebmhEquiPOZkkhYMzsgE3wPqgEq5iO9gE-TBJzpJ7WYH_C2lQ.nmEOZgOolyeZmDKW3eCFrPRTef4WYp1qtjo6HA3jJfk%26dib_tag%3Dse%26keywords%3DLifePO4%26qid%3D1733159549%26sr%3D8-22-spons%26sp_csd%3Dd2lkZ2V0TmFtZT1zcF9idGY%26psc%3D1,12V
